,RlfF,MSurf,RFGini,MI,FT,OA,dataset,iteration,n_obs
0,0.09511311400000011,0.01075560500000039,0.9059944999999994,2.576504208,0.00041050199999936865,0.053178177999999576,ANDOR,0.0,30.0
1,0.009341835999999937,0.01016077099999979,0.9008751890000006,0.8330404629999997,0.0003163470000000501,0.05166883100000064,ANDOR,1.0,30.0
2,0.0087306930000004,0.01004862899999992,0.901684457,0.9397938890000006,0.00037833500000061804,0.0362801829999988,ANDOR,2.0,30.0
3,0.011724382000000588,0.015490884000000094,0.9032499139999999,0.9880158209999994,0.00032849499999976217,0.03624673400000056,ANDOR,3.0,30.0
4,0.009199106000000512,0.011395046999998826,0.8927923409999998,0.908660317999999,0.005291838999999854,0.052483738999999474,ANDOR,4.0,30.0
5,0.008776505000000157,0.009715600999999907,0.9033422709999996,0.9681070309999988,0.0003321490000018912,0.03572713899999869,ANDOR,5.0,30.0
6,0.012589909000002564,0.015729866000000925,0.903481689000003,0.9391599789999994,0.0003209339999976635,0.03582132100000024,ANDOR,6.0,30.0
7,0.00904001600000015,0.010093009999998515,0.8968451890000004,0.9393617779999985,0.006593177999999256,0.04288666400000096,ANDOR,7.0,30.0
8,0.008514626000000192,0.010537696000000096,0.9037190059999993,0.9394524570000016,0.0003147020000007217,0.038512611000001584,ANDOR,8.0,30.0
9,0.00909028899999953,0.010011232000000092,0.901276052,0.9341914580000008,0.0003047259999995333,0.036817329000001564,ANDOR,9.0,30.0
10,0.013920513000002188,0.009760790999997937,0.9259262379999988,0.9276649210000016,0.00030464199999968855,0.03654085200000168,ANDOR,10.0,30.0
11,0.013363262999998682,0.021735910000000302,0.902613284000001,0.8320851850000004,0.00030304399999891984,0.03702938300000014,ANDOR,11.0,30.0
12,0.008803703000001661,0.01458992999999964,0.9030855779999989,0.8345767869999996,0.0003032570000023327,0.03557991699999974,ANDOR,12.0,30.0
13,0.008787993999998633,0.00976181500000095,0.9032101279999978,0.9678853339999982,0.00421144899999959,0.04275105800000034,ANDOR,13.0,30.0
14,0.00923156500000033,0.0095445930000011,0.9017651580000035,0.9406806710000026,0.0003568200000003685,0.03597999200000146,ANDOR,14.0,30.0
15,0.013481347000002586,0.022602510000005793,0.9028486750000013,1.1296374029999967,0.0003054800000015234,0.03545562999999419,ANDOR,15.0,30.0
16,0.012946953000003703,0.019015655000004017,0.9035787660000025,1.2133571640000014,0.00038138100000395525,0.036205228000000034,ANDOR,16.0,30.0
17,0.012394401000001665,0.00990777199999826,0.9014683840000046,0.9516874500000014,0.0003578789999991727,0.03618684999999999,ANDOR,17.0,30.0
18,0.008909748000000661,0.010379785000004915,0.9004266600000008,1.2490255390000016,0.0003704710000036471,0.04027690099999859,ANDOR,18.0,30.0
19,0.008778800999998282,0.010116949000000375,0.9002089190000007,0.937500098000001,0.00036511500000102615,0.056374458999997046,ANDOR,19.0,30.0
20,0.010258808999999758,0.012404166999999688,0.9011713529999952,0.8395427569999967,0.00032330999999885535,0.03514384100000001,ANDOR,20.0,30.0
21,0.011774473999999202,0.015314480999997215,0.8967205410000005,0.9261904800000025,0.006130794999997136,0.041665233999999884,ANDOR,21.0,30.0
22,0.008591993999999659,0.009744326000003412,0.9064042629999989,0.9486831919999972,0.0003638909999992279,0.05134197299999954,ANDOR,22.0,30.0
23,0.009763743000000602,0.01300189500000215,0.9020065979999998,0.8938929689999995,0.0003263549999985571,0.03703507699999875,ANDOR,23.0,30.0
24,0.01156821899999727,0.014975659000000974,0.9061818849999952,1.0529627979999958,0.00032804599999991524,0.03990536399999911,ANDOR,24.0,30.0
25,0.009404922999998178,0.009686271999996166,0.902869084999999,0.9383277630000038,0.0003586670000004233,0.051727149000001305,ANDOR,25.0,30.0
26,0.009894522999999822,0.011120151000000078,0.9031790440000051,0.9518297629999992,0.00037899499999838326,0.03553457900000012,ANDOR,26.0,30.0
27,0.011733479000000102,0.014841925999995453,0.9045839910000026,1.0320322070000003,0.0003246869999955493,0.04283922599999812,ANDOR,27.0,30.0
28,0.009234618000000694,0.00982754000000341,0.9066172069999965,0.8621550249999999,0.0003154189999960977,0.04968334400000174,ANDOR,28.0,30.0
29,0.011175733999998272,0.011660437000003299,0.9039632799999993,0.9446684999999988,0.0003916499999974121,0.03633307500000171,ANDOR,29.0,30.0
30,0.01119541799999979,0.014091649000008033,0.9031168400000098,0.9787230109999996,0.0003219059999963747,0.043377892999998835,ANDOR,30.0,30.0
31,0.009402013000013199,0.010670309999994743,0.9036717219999986,0.8277077769999863,0.00030434500000353637,0.04968802000000494,ANDOR,31.0,30.0
32,0.010033314000011728,0.011234536999992883,0.9069070789999927,0.8542075280000034,0.0003221389999907842,0.03847000599999717,ANDOR,32.0,30.0
33,0.011469502000011289,0.015097564000001285,0.9054491379999945,1.0636600240000007,0.0003868259999961765,0.07340206099999591,ANDOR,33.0,30.0
34,0.011714189999992186,0.014827746999998226,0.9058410439999989,1.0074742129999947,0.0003199479999977939,0.03872831299999291,ANDOR,34.0,30.0
35,0.009183213000000023,0.009208631999996442,0.9016577259999963,0.9463317459999985,0.00035408499999789456,0.05080004300000951,ANDOR,35.0,30.0
36,0.010802117000011435,0.013017688999994448,0.9077179030000053,0.9788627909999974,0.0003887559999924406,0.04379499300000589,ANDOR,36.0,30.0
37,0.00948067200000935,0.015743008999990593,0.9063336819999961,1.1106780399999963,0.000378438000012693,0.039011947000005875,ANDOR,37.0,30.0
38,0.0092850479999953,0.011230653999987794,0.9091093360000002,1.229406522000005,0.00032980499999268886,0.03981008499999916,ANDOR,38.0,30.0
39,0.009406357999992565,0.010434535999991112,0.9016477500000093,0.8625729959999973,0.0003232350000104134,0.05270968400000697,ANDOR,39.0,30.0
40,0.010030843000009781,0.013419292000008909,0.9020948059999938,0.8576747030000007,0.0003175519999984999,0.036377874000010024,ANDOR,40.0,30.0
41,0.010598321999992777,0.013146951999999601,0.9047012099999989,1.0394334129999976,0.00038076200000602967,0.04203676099999143,ANDOR,41.0,30.0
42,0.008883374999996363,0.009673126999999226,0.9071660580000014,0.8328816639999985,0.00030576899999346097,0.051037604000001124,ANDOR,42.0,30.0
43,0.009923123000007195,0.012176314000001298,0.9032513030000047,0.9389057650000012,0.0003273120000102381,0.036923852000001034,ANDOR,43.0,30.0
44,0.011797826999995209,0.015111176999994314,0.9057809690000056,1.0423711319999995,0.0003814549999958672,0.03963809400001139,ANDOR,44.0,30.0
45,0.00886515799999188,0.009846019000008255,0.9097623299999924,0.9627061080000061,0.00036926200000664267,0.05218577300000504,ANDOR,45.0,30.0
46,0.008924096000001214,0.010552359999991268,0.9038598979999932,0.942829076999999,0.00035975399998733337,0.03578255200000058,ANDOR,46.0,30.0
47,0.015005873999996311,0.009988031000006004,0.9288382910000053,0.977522570000005,0.00036972899999909714,0.035896492999995644,ANDOR,47.0,30.0
48,0.012698653000001059,0.009594786999997496,0.8998812100000038,0.8278909739999989,0.0003046000000068716,0.03478364400000089,ANDOR,48.0,30.0
49,0.009182611999989376,0.010383431999997583,0.9026001229999991,1.152804850999999,0.0002975620000000845,0.04806929599999421,ANDOR,49.0,30.0
50,0.01613955899999553,0.017822567999999706,0.8416901320000107,0.09306196200000727,0.0003074140000052239,0.04475665500000048,ANDOR,0.0,50.0
51,0.016337636999992355,0.017309780999994473,0.8461316490000002,0.09449482100001205,0.0003098739999956024,0.044641983000005325,ANDOR,1.0,50.0
52,0.014617153999992638,0.017200395000003255,0.8441992839999983,0.0932247770000032,0.0003076349999986405,0.04308011099999476,ANDOR,2.0,50.0
53,0.017039127000003873,0.016090992000002302,0.8400802820000024,0.09037382199998945,0.00030180599999596325,0.05339112599999396,ANDOR,3.0,50.0
54,0.0155410330000052,0.07188044299999774,0.8408299949999929,0.10777740399998947,0.0002967260000019678,0.044509074000004034,ANDOR,4.0,50.0
55,0.01632642200000589,0.016588303999995446,0.8460089009999905,0.09327423000000579,0.0003094369999985247,0.0456640200000038,ANDOR,5.0,50.0
56,0.014996104999994486,0.01782611200000872,0.8444254559999962,0.13095823999999823,0.00029762999999149997,0.043416041000000405,ANDOR,6.0,50.0
57,0.016224033000000304,0.01755548100000226,0.8441657700000036,0.09188147900000843,0.0003061130000077128,0.04123285999999382,ANDOR,7.0,50.0
58,0.016751134000003276,0.017438401999996245,0.840869787999992,0.09086267099999645,0.0003015420000025415,0.04446204100000273,ANDOR,8.0,50.0
59,0.015938375000004612,0.016014763000001153,0.8422836619999998,0.09169541800000047,0.00030274499999904947,0.04590589400000056,ANDOR,9.0,50.0
60,0.01574484599998982,0.01611363900001095,0.8467113409999882,0.09020818000000475,0.0002995100000049433,0.0433844590000092,ANDOR,10.0,50.0
61,0.015613702999999646,0.016612481999999318,0.8438659560000019,0.09056981400000552,0.00030504199999370485,0.04466104699999107,ANDOR,11.0,50.0
62,0.015819011000004934,0.016884403000005932,0.8437482920000008,0.12828448600001252,0.00030145399999526035,0.045590814999997065,ANDOR,12.0,50.0
63,0.015502619000002937,0.017291674000006196,0.8469213019999984,0.09049535599999103,0.0003064380000097344,0.04541420900000048,ANDOR,13.0,50.0
64,0.016520231000001218,0.05287015700000097,0.8486345909999926,0.13184365799999398,0.00030119499999159416,0.04600476699999945,ANDOR,14.0,50.0
65,0.017045457000008923,0.01822118799999828,0.8477288249999901,0.0916388899999987,0.00030528500001025805,0.04542372499999203,ANDOR,15.0,50.0
66,0.015447407999999996,0.017416478000001234,0.8446565360000022,0.09261358100000905,0.00031207199999983004,0.05505273899998997,ANDOR,16.0,50.0
67,0.01593798100000754,0.017369981000001644,0.845391621999994,0.09035137899999768,0.0003055319999987205,0.04611601599999915,ANDOR,17.0,50.0
68,0.01590374900000313,0.016648500000002286,0.8703900820000001,0.09202374500000587,0.0003057260000076667,0.04242558699999677,ANDOR,18.0,50.0
69,0.0161417460000024,0.01597876099999951,0.8439067149999886,0.09060673099999406,0.00030486900000425976,0.04520228000001225,ANDOR,19.0,50.0
70,0.015775021999985483,0.017219585000020743,0.8461662020000063,0.13453462100000024,0.00031023099998606085,0.04285860900000671,ANDOR,20.0,50.0
71,0.01548670699997956,0.017727014999991297,0.8439077969999857,0.13311359599998696,0.00029731500001162203,0.042706820000006473,ANDOR,21.0,50.0
72,0.016669519999993554,0.016323739000000614,0.8405286400000023,0.1312803269999847,0.00029637599999432496,0.044995647000007466,ANDOR,22.0,50.0
73,0.04307448999998087,0.06297392999999829,0.8439578020000056,0.1016087250000055,0.0002966680000042743,0.04429720900000689,ANDOR,23.0,50.0
74,0.015935132000009844,0.016395748999997295,0.8433959170000094,0.09015980300000592,0.0003042369999946004,0.045205398000007335,ANDOR,24.0,50.0
75,0.01594590999999923,0.01689945000001103,0.8448657449999928,0.09445357000001309,0.0003157789999761462,0.046014712000015834,ANDOR,25.0,50.0
76,0.015829056000001174,0.016514603999979727,0.8407942999999989,0.09244141499999614,0.0003052799999920808,0.043281004000021994,ANDOR,26.0,50.0
77,0.016007619000021123,0.016705575000003137,0.8475101639999991,0.09280777899999748,0.00030986900000584683,0.04318631900000014,ANDOR,27.0,50.0
78,0.015183253999992985,0.016897676000013462,0.8431159870000045,0.09059568800000761,0.00030445600000916784,0.044002590999980384,ANDOR,28.0,50.0
79,0.01647784499999716,0.016351258000014468,0.8439147299999945,0.09306582099998195,0.00031920099999638296,0.04497395499998902,ANDOR,29.0,50.0
80,0.015921265000002904,0.01710214599998494,0.8469046089999779,0.09426250399999958,0.00031350500000826287,0.042234114999985195,ANDOR,30.0,50.0
81,0.016301193000003877,0.01809170399999971,0.8445332869999902,0.0917304280000053,0.0003069819999836909,0.042118598999991264,ANDOR,31.0,50.0
82,0.016070134000017333,0.01724251300001356,0.8429188000000067,0.09171799699998928,0.00030220899998312234,0.04490879699997663,ANDOR,32.0,50.0
83,0.01536637000000951,0.016881171999983735,0.8446636729999852,0.0915465289999986,0.00029901499999596126,0.042439858999983926,ANDOR,33.0,50.0
84,0.015833256999997047,0.01623365699998658,0.8464113679999912,0.09192968000002111,0.0003072300000042105,0.046796593999999914,ANDOR,34.0,50.0
85,0.015921968000014886,0.016124001999997972,0.8458325150000121,0.09245650599999067,0.0003173190000040904,0.04257401800001048,ANDOR,35.0,50.0
86,0.017308142000018734,0.05655420600001548,0.8457521119999853,0.09039142700001435,0.00030003400001987757,0.04504032299999494,ANDOR,36.0,50.0
87,0.01680461899999841,0.017944556999992756,0.8472161329999892,0.09342858899998419,0.0002930459999959112,0.044865434999991294,ANDOR,37.0,50.0
88,0.016105897000016967,0.01688201500002151,0.8461801320000006,0.13330867299998772,0.0002970200000049772,0.04378640699999892,ANDOR,38.0,50.0
89,0.01622970299999338,0.08408979899999736,0.8436377149999998,0.10855657499999438,0.0002929529999846636,0.04325553099999979,ANDOR,39.0,50.0
90,0.01590003399999773,0.015195592999987184,0.8457894400000043,0.094151772999993,0.00030484399999863854,0.04524618299998906,ANDOR,40.0,50.0
91,0.015978369000009707,0.017168440999995482,0.8454213969999955,0.0909420399999874,0.00030660400000215304,0.04217469099998539,ANDOR,41.0,50.0
92,0.01623489499999664,0.01666954000000942,0.8445036439999853,0.09158378600000106,0.0003044759999966118,0.043064457000014045,ANDOR,42.0,50.0
93,0.016674987000016017,0.01702900699999077,0.8465769420000129,0.12881839400000672,0.000295961000006173,0.04408697900001357,ANDOR,43.0,50.0
94,0.015531844999998157,0.016717252999995935,0.8466457770000204,0.1302008969999804,0.00030165199999032666,0.04479785500001299,ANDOR,44.0,50.0
95,0.01647786000000906,0.017096058999982233,0.8441602120000198,0.09215419700001348,0.00030041400000868634,0.04429302100001564,ANDOR,45.0,50.0
96,0.01664400999999316,0.01769095500000617,0.8441782440000054,0.0912302650000072,0.00030467599998473816,0.046194503999998915,ANDOR,46.0,50.0
97,0.01675892599999429,0.015560721999975158,0.8506874120000134,0.09263573699999483,0.00030981399999063797,0.04536694999998758,ANDOR,47.0,50.0
98,0.015400539000012259,0.017332873999976073,0.8483675870000127,0.0914958979999767,0.00030996899999991,0.04361160099998074,ANDOR,48.0,50.0
99,0.016659041999986357,0.04735395899999162,0.8714068910000208,0.09150407699999619,0.00030323199999315875,0.044061599000002616,ANDOR,49.0,50.0
100,0.022979180999982418,0.024618605999989995,0.8688797910000119,0.09358707600000571,0.00030628300001467323,0.04785898500000485,ANDOR,0.0,70.0
101,0.022602190000014843,0.02738833300000465,0.8668861129999925,0.12468319000001316,0.0003090820000011263,0.045866544000006115,ANDOR,1.0,70.0
102,0.02191299400001867,0.02467374700000846,0.8681512569999938,0.09395739499998967,0.00031205999999883716,0.044641855000008945,ANDOR,2.0,70.0
103,0.024067776000009644,0.02475213400001053,0.8689708579999831,0.09606811200001175,0.0003175260000034541,0.045969953999986046,ANDOR,3.0,70.0
104,0.03478646899998239,0.02545114999998077,0.8705886600000099,0.09589399000000753,0.00031163700001002326,0.043530945000014754,ANDOR,4.0,70.0
105,0.024848852000019406,0.02517611400000419,0.8666968949999898,0.13181063300001483,0.0003004749999888645,0.04747301000000448,ANDOR,5.0,70.0
106,0.021702414999992925,0.02498109699999418,0.8706110299999921,0.09541413799999532,0.00031712199998423785,0.04665488800000617,ANDOR,6.0,70.0
107,0.023680336000012403,0.023787627000018574,0.8702942239999913,0.09714978299999188,0.0003161839999847871,0.05039020600000299,ANDOR,7.0,70.0
108,0.02327590000001578,0.027400157000016634,0.8690514589999907,0.09705306800000812,0.00031902300000297146,0.04654692100001512,ANDOR,8.0,70.0
109,0.02325924199999463,0.02547885500001712,0.8719660090000048,0.09746115100000452,0.0003235149999909481,0.04670826200000988,ANDOR,9.0,70.0
110,0.023730154999981323,0.025856075000007195,0.8662091820000057,0.09296775599997886,0.00031209099998363854,0.058595370999995566,ANDOR,10.0,70.0
111,0.022790528000001586,0.023819572000007838,0.8676924600000007,0.09342445400000088,0.0003083500000116146,0.059087343000015835,ANDOR,11.0,70.0
112,0.022723149999990255,0.026251419000004717,0.8707735440000022,0.09667452100001128,0.00032187499999736247,0.084056707000002,ANDOR,12.0,70.0
113,0.022056843000001436,0.02507768000000965,0.8664748090000103,0.09344308499998988,0.0003113360000099874,0.046913112999988016,ANDOR,13.0,70.0
114,0.024387652999990905,0.027617808000002242,0.866675612999984,0.13212380900000653,0.0003017989999989368,0.04567950599999904,ANDOR,14.0,70.0
115,0.022533304000006638,0.025119749999987562,0.8667444280000041,0.09400679199998763,0.000311999000018659,0.044360489000013104,ANDOR,15.0,70.0
116,0.023205606000004764,0.02456897900000854,0.8663279719999935,0.09327006799998117,0.00030614399997830333,0.07119806299999709,ANDOR,16.0,70.0
117,0.02201795299998821,0.02351895900000045,0.8686603509999884,0.09401197900001534,0.0003136550000135685,0.04518741699999396,ANDOR,17.0,70.0
118,0.02203570899999363,0.024956888000019717,0.8674772470000107,0.1252683529999956,0.0002993459999913739,0.0488543390000018,ANDOR,18.0,70.0
119,0.022423650000007456,0.023436763999995947,0.8671527209999965,0.09427911799997446,0.0003108739999788668,0.04451916799999367,ANDOR,19.0,70.0
120,0.023522347000010768,0.024566512000006924,0.8643274190000056,0.09378874699999074,0.00031359600001223953,0.044717456000000766,ANDOR,20.0,70.0
121,0.023340129000018806,0.025158067999996092,0.8924843709999948,0.09602075800000875,0.00032123200000455654,0.045993143999993436,ANDOR,21.0,70.0
122,0.022540644000002885,0.02564440899999454,0.8681236809999859,0.1374067560000185,0.000338317000000643,0.046001928000009684,ANDOR,22.0,70.0
123,0.022563915999995743,0.02416547400000013,0.8685193759999947,0.1334684900000127,0.000303526000010379,0.046641405999992,ANDOR,23.0,70.0
124,0.022898668999999927,0.024886012999985496,0.8686962520000066,0.09321325600001273,0.00030276999999045984,0.052925436999998965,ANDOR,24.0,70.0
125,0.02340474800001857,0.02410685500001364,0.8691620240000191,0.09456240899999102,0.0003103220000184592,0.04491056300000196,ANDOR,25.0,70.0
126,0.04825539600000184,0.026144037999983993,0.8670243819999826,0.09484689199999252,0.00031540200001245466,0.04640838700001382,ANDOR,26.0,70.0
127,0.023044083000002047,0.025328623000007155,0.8653721310000151,0.1318660899999884,0.000305884999988848,0.047752991999999495,ANDOR,27.0,70.0
128,0.023065022999986695,0.02536660600000573,0.8671437870000034,0.13149178399999073,0.00029827899999190777,0.046517746000006355,ANDOR,28.0,70.0
129,0.02295411500000455,0.024487287999988894,0.8675178089999918,0.09420063300001402,0.00031057700002179445,0.045164354000007734,ANDOR,29.0,70.0
130,0.022316252000024406,0.02592264999998406,0.8694942050000236,0.09401928799999837,0.00030970599999591286,0.04609173699998337,ANDOR,30.0,70.0
131,0.022148716000003787,0.023631821000009268,0.8688820030000102,0.09633417599999916,0.00031659399999739435,0.046419016000015745,ANDOR,31.0,70.0
132,0.025803410999998277,0.026542675000001736,0.869277100000005,0.09569431700001019,0.00031279700002073696,0.04808745800002612,ANDOR,32.0,70.0
133,0.02217247799998745,0.026131397000000334,0.8678138540000191,0.12887896299997692,0.000313968999989811,0.05076827299998854,ANDOR,33.0,70.0
134,0.022429735999992317,0.02448060599999735,0.8711368590000177,0.09522319000001289,0.00031159400001001814,0.043406400999998596,ANDOR,34.0,70.0
135,0.022385416000020086,0.02450863799998615,0.8690143159999764,0.09356967100001157,0.0003106329999980062,0.04575801300001103,ANDOR,35.0,70.0
136,0.02347199400000477,0.02522466600001394,0.8714892469999995,0.09676065299998982,0.0003204889999892657,0.043194712999991225,ANDOR,36.0,70.0
137,0.023027227999989464,0.025066304999995737,0.8690409860000159,0.09549663499998928,0.00032257800000934367,0.04534168700001828,ANDOR,37.0,70.0
138,0.023384836999980507,0.026347396999995,0.8703565800000206,0.0972210440000083,0.00032123300002240285,0.04376017300000967,ANDOR,38.0,70.0
139,0.022472023000005947,0.02431522000000541,0.8653356760000008,0.09314133000000879,0.0002957949999995435,0.04456141899999011,ANDOR,39.0,70.0
140,0.022451262000004135,0.02464664299998276,0.8709108969999875,0.09591228800002227,0.0003131629999870711,0.047938196999979255,ANDOR,40.0,70.0
141,0.02499232299999221,0.02458550899999068,0.8698491890000071,0.0959232419999978,0.00031543099998998514,0.04594637300002091,ANDOR,41.0,70.0
142,0.022501761000000897,0.026936676000019588,0.873169168000004,0.09559929500002795,0.0003093310000110705,0.04621139399998242,ANDOR,42.0,70.0
143,0.025215239000004885,0.02631498699997792,0.8671511459999977,0.09359569800000145,0.00029981900001985196,0.0459240120000004,ANDOR,43.0,70.0
144,0.02449767400000269,0.027575710999997227,0.867188040000002,0.13122292799999968,0.0003062419999935173,0.046446656999989955,ANDOR,44.0,70.0
145,0.023495244000002913,0.02401828899999714,0.8671966729999951,0.09392096099998071,0.00030969899998467554,0.04514151999998717,ANDOR,45.0,70.0
146,0.02283434599999623,0.02566620700000044,0.8629430590000027,0.09379403700000921,0.00031437100000175633,0.048868929000008166,ANDOR,46.0,70.0
147,0.023906398000008267,0.024433694999999034,0.8682884370000181,0.093563080999985,0.00030485399997814966,0.04659931300000153,ANDOR,47.0,70.0
148,0.022903661999976066,0.024838178000010203,0.8730085970000232,0.09657770600000504,0.0003127729999903295,0.04407238400000324,ANDOR,48.0,70.0
149,0.023279532000003655,0.025025923000015382,0.8677041669999994,0.0939793619999989,0.00031352900001024864,0.04700536999999372,ANDOR,49.0,70.0
150,0.012037268000000267,0.02626508800000238,0.9305935579999982,1.50249727100001,0.0003896880000127112,0.05304015199999412,ADDER,0.0,30.0
151,0.009929980000009664,0.01069582400000968,0.9233063959999868,1.3098205899999869,0.00037817599999812046,0.04953351399998951,ADDER,1.0,30.0
152,0.012071934999994482,0.011292945999997528,0.9295177070000022,1.477479245000012,0.0004540369999972427,0.04886264500001403,ADDER,2.0,30.0
153,0.01202162100000237,0.040437288000021,0.9253281499999844,1.4159708379999927,0.0003762260000144124,0.05139947100002473,ADDER,3.0,30.0
154,0.011839492000007112,0.010783998999983169,0.922894714999984,1.3051125289999845,0.000381349000008413,0.05259835600000429,ADDER,4.0,30.0
155,0.012695704999998725,0.027711232999990898,0.922614005000014,1.3518821019999905,0.0003991099999893777,0.05028094799999394,ADDER,5.0,30.0
156,0.012241473000017322,0.05657051399998636,0.9224587860000213,1.4080693300000178,0.00037521300001230884,0.049058872999978576,ADDER,6.0,30.0
157,0.011875369999984287,0.026442059999993717,0.9250817660000052,1.5718512309999824,0.00045817500000566724,0.04783815199999708,ADDER,7.0,30.0
158,0.010709227999996074,0.010749978000006877,0.9207474129999866,1.2940823829999886,0.00037851999999816144,0.0478146620000075,ADDER,8.0,30.0
159,0.011918108999992683,0.010448913000004723,0.9215082810000013,1.3201580829999955,0.0003863469999885183,0.050351693999999725,ADDER,9.0,30.0
160,0.01100399399999219,0.046260800999988305,0.9241361630000142,1.5150727290000248,0.00038035000000036234,0.04776668200000245,ADDER,10.0,30.0
161,0.012124768000006725,0.010548282000002018,0.9159662030000106,1.298701526000002,0.0003773050000006606,0.04858949399999801,ADDER,11.0,30.0
162,0.011145006999981888,0.01166513800001212,0.9182822740000063,1.420286759999982,0.0003808719999938148,0.05146355900001254,ADDER,12.0,30.0
163,0.012439803000006577,0.01027296999998839,0.9237029169999857,1.5181434839999781,0.00046096099998749196,0.04983902800000806,ADDER,13.0,30.0
164,0.011583485999977938,0.04486043200000722,0.9304758119999974,1.7573787110000012,0.0004686819999619729,0.050322401000016725,ADDER,14.0,30.0
165,0.012240189999999984,0.010578227999985756,0.9193453710000199,1.42196192199998,0.0003816770000071301,0.06201002400001698,ADDER,15.0,30.0
166,0.01194409499998983,0.011269209000033698,0.9210585090000336,1.4778676170000153,0.0004509890000008454,0.054019463999964046,ADDER,16.0,30.0
167,0.011951280999994651,0.02775793099999646,0.9226479099999665,1.5734283719999667,0.00037539800001695767,0.0487427599999819,ADDER,17.0,30.0
168,0.01146965100002717,0.01039080999998987,0.9223969199999829,1.3136298539999984,0.00038120699997534757,0.050441336000005776,ADDER,18.0,30.0
169,0.01256375999997772,0.010448631000031128,0.9219733109999879,1.370690938999985,0.0003765669999893362,0.04955398800001376,ADDER,19.0,30.0
170,0.011868998000011288,0.06116868100002648,0.9229033080000022,1.5001247290000492,0.000398940999957631,0.04704127099995503,ADDER,20.0,30.0
171,0.011984774000040943,0.010240783000028841,0.922172149000005,1.344018420999987,0.000390702999993664,0.052205366999999114,ADDER,21.0,30.0
172,0.012110124999992422,0.010248197000009895,0.9182250759999988,1.4150770260000058,0.00038116000001764405,0.05296462100000099,ADDER,22.0,30.0
173,0.011198045000014645,0.01052441600000975,0.9212371579999967,1.465453679999996,0.0004464570000095591,0.04783783099998118,ADDER,23.0,30.0
174,0.011588060000008227,0.010245958000041355,0.9202597340000125,1.4668966360000013,0.0003707719999965775,0.052053380000018024,ADDER,24.0,30.0
175,0.012144024000008358,0.010347190000004503,0.9222837160000381,1.306129114999976,0.0003872639999826788,0.05262248899998667,ADDER,25.0,30.0
176,0.011041806000037013,0.011831056000005447,0.923502998999993,1.4534462099999814,0.0003881009999986418,0.05141449300003842,ADDER,26.0,30.0
177,0.011744333000024199,0.01094621400000051,0.9227795669999637,1.476698343999999,0.00045292700002619313,0.060689911999986634,ADDER,27.0,30.0
178,0.012899657000048137,0.04013655400001426,0.9195487289999846,1.407343807000018,0.0003787119999856259,0.046942529999967064,ADDER,28.0,30.0
179,0.011416964999966694,0.011681801999998243,0.9421649970000203,1.29600573700003,0.000376221000010446,0.04762434599996368,ADDER,29.0,30.0
180,0.011956887999986066,0.012140055999964261,0.9235624319999829,1.357902361000015,0.0003940060000218182,0.048509550000005675,ADDER,30.0,30.0
181,0.01185871499995983,0.010394697999970504,0.9254955069999937,1.4055936320000342,0.0004010890000358813,0.04891523399999187,ADDER,31.0,30.0
182,0.011330837999992127,0.009940026999970542,0.9140950249999946,1.296508000000017,0.0054198640000322484,0.051247567000018535,ADDER,32.0,30.0
183,0.011600513000018964,0.010937904000002163,0.9218120470000031,1.2941985670000236,0.00037669099998538513,0.050350656999967214,ADDER,33.0,30.0
184,0.011484457999983988,0.011493055000016739,0.9253677450000168,1.5246696680000014,0.0004629780000300343,0.0917782779999925,ADDER,34.0,30.0
185,0.01079147699999794,0.010586823000039658,0.921121042999971,1.6478608500000291,0.00038050099999509257,0.04986573799999405,ADDER,35.0,30.0
186,0.011879243000009865,0.012859003000016855,0.9222718010000222,1.7364623270000266,0.0003894059999538513,0.05257108899996865,ADDER,36.0,30.0
187,0.01284375599999521,0.05912337300003401,0.9204726710000273,1.3625326149999637,0.00038063399995280633,0.051641730000028474,ADDER,37.0,30.0
188,0.012261833000025035,0.01066955499999267,0.9224961689999986,1.3550286330000176,0.00039977399995905216,0.046215277999976934,ADDER,38.0,30.0
189,0.011886328000002777,0.027821873999982927,0.9198351349999712,1.4026620120000075,0.00039550700000745564,0.07338518400001703,ADDER,39.0,30.0
190,0.012184423000007882,0.010113842999999179,0.9189091940000367,1.2912895250000247,0.0003756140000064079,0.04776714899998069,ADDER,40.0,30.0
191,0.011682235000023411,0.011239923999994517,0.9204324120000251,1.4713066669999648,0.003194468999993205,0.04927515399998583,ADDER,41.0,30.0
192,0.011461109999970631,0.010881285999971624,0.923392524999997,1.3276228950000473,0.0003897309999842946,0.048776985999950284,ADDER,42.0,30.0
193,0.011628438999991886,0.011148833999982344,0.9209631630000104,1.4569029460000138,0.00045009699999809527,0.049325234999969325,ADDER,43.0,30.0
194,0.012152119999996103,0.009886195000035514,0.9238159829999972,1.4734247220000043,0.0004573100000015984,0.04889221700000235,ADDER,44.0,30.0
195,0.011755583000024217,0.011107262999985323,0.9180686360000436,1.3111223180000025,0.0003845489999889651,0.04945338599998195,ADDER,45.0,30.0
196,0.01144304999996848,0.010771422000004804,0.9202508589999638,1.3138478489999557,0.0003847290000180692,0.0477633119999723,ADDER,46.0,30.0
197,0.011129616000005171,0.01119736200001853,0.9188421479999533,1.2883729289999906,0.00037697799996294634,0.05381996899996011,ADDER,47.0,30.0
198,0.011908269000002747,0.010209822000035729,0.9194348340000147,1.3264015109999718,0.0003860659999759264,0.0661947179999629,ADDER,48.0,30.0
199,0.010993654999992941,0.011333924000041407,0.9219250200000033,1.299239674999967,0.000381710999988627,0.0487636480000333,ADDER,49.0,30.0
200,0.021950559999993402,0.020138422000002265,0.9426700779999919,1.5441804900000307,0.006106451999983165,0.04793919499996946,ADDER,0.0,50.0
201,0.02119737499998564,0.018156040999997458,0.948680745000047,1.5403403810000214,0.0004050559999768666,0.05016256699997257,ADDER,1.0,50.0
202,0.02122684900001559,0.018337517000020398,0.9465739900000472,1.5163513759999887,0.0050950620000094204,0.05002760400003581,ADDER,2.0,50.0
203,0.02197804399997949,0.048761748999993415,0.9450593319999712,1.8106454979999853,0.0003914060000056452,0.049655360999963705,ADDER,3.0,50.0
204,0.022728017000019918,0.047286706999955186,0.9436014569999998,1.6551816940000208,0.00038819100001319384,0.06358224500002052,ADDER,4.0,50.0
205,0.020989154000005783,0.01910749799998257,0.9444406629999662,1.7664102520000142,0.00038548899999568675,0.05040796200000841,ADDER,5.0,50.0
206,0.021830124000018714,0.019427998000026037,0.949124691999998,1.782983047000016,0.0003984859999945911,0.05255947900002411,ADDER,6.0,50.0
207,0.022498446999975386,0.05810774100001481,0.9484722650000208,1.5585032310000315,0.0003907789999857414,0.05031594799999084,ADDER,7.0,50.0
208,0.0215310190000082,0.019071803999963777,0.9443003150000209,1.7821872899999676,0.00038984700000810335,0.049586938000004466,ADDER,8.0,50.0
209,0.021709151000038673,0.018890955999950165,0.9486155630000326,1.6035878209999623,0.00040666000001010616,0.05107635299998492,ADDER,9.0,50.0
210,0.02021565899997313,0.01912322799995536,0.9473905049999871,1.9302031119999583,0.00041171800000938674,0.05109401300001082,ADDER,10.0,50.0
211,0.021324721999974372,0.059418510000000424,0.9450920080000174,1.5450667039999644,0.0004058609999901819,0.049700001000019256,ADDER,11.0,50.0
212,0.0215100389999634,0.05398208499997281,0.9452750799999876,1.5848348970000075,0.00039877500000784494,0.054665494999994735,ADDER,12.0,50.0
213,0.022261657000001378,0.01949205900001516,0.9519833829999698,1.5455028529999595,0.00039821399997208573,0.0664076339999724,ADDER,13.0,50.0
214,0.02178313399997478,0.01823400899996841,0.9475534850000145,1.6916281480000066,0.0003902840000478136,0.05012220599996908,ADDER,14.0,50.0
215,0.02193954799997755,0.055180302999986,0.9461451829999987,1.5809188420000169,0.00039863800003558936,0.05160327500004769,ADDER,15.0,50.0
216,0.021978752999984863,0.020344356999999036,0.9419243560000155,1.8416840130000196,0.00039935099999865997,0.060182042000008096,ADDER,16.0,50.0
217,0.04674098599997478,0.054122070999994776,0.9458214030000249,1.5927623389999894,0.00040384699997275675,0.052695788999983506,ADDER,17.0,50.0
218,0.022322696999992786,0.05427286600001935,0.9475626999999918,1.528372064999985,0.00039659599997321493,0.05037046000001055,ADDER,18.0,50.0
219,0.020969572000012704,0.01834367399999337,0.9462950040000351,1.4917596290000006,0.00039089200004127633,0.05358614100003933,ADDER,19.0,50.0
220,0.021594843000002584,0.018788756999981615,0.9458864759999983,1.5482363749999877,0.0004020040000227709,0.05151157699998521,ADDER,20.0,50.0
221,0.0221604920000118,0.01949511300000495,0.945991198999991,1.592710304000036,0.0003897959999790146,0.05027436500000704,ADDER,21.0,50.0
222,0.02167911100002584,0.019033342000000175,0.9468003109999472,1.7418890120000015,0.0003938720000178364,0.05323067000000492,ADDER,22.0,50.0
223,0.022423302999982297,0.05659325199997056,0.940267834999986,1.6847052319999989,0.004961096999977599,0.050002833999997165,ADDER,23.0,50.0
224,0.02153595600003655,0.01781449300000304,0.9462976379999759,1.662038205999977,0.0004020360000254186,0.05086933299998009,ADDER,24.0,50.0
225,0.022294605000013235,0.018475013999989187,0.9501511480000318,1.646153317000028,0.00039062000001877095,0.04856871399999818,ADDER,25.0,50.0
226,0.021725450000019464,0.019479543999977977,0.945578050999984,1.5971069469999861,0.00038344999995842954,0.051205707999997685,ADDER,26.0,50.0
227,0.021955759000036323,0.019007879000014327,0.9490130350000072,1.8427994330000388,0.0003994319999947038,0.05180051499996807,ADDER,27.0,50.0
228,0.02157342499998549,0.03625840000000835,0.9456438819999562,1.801715503999958,0.0004018970000174704,0.05281100299998798,ADDER,28.0,50.0
229,0.02270586299999877,0.042346610000038254,0.9413444820000336,1.6119960210000386,0.00038527899999962756,0.049506790999998884,ADDER,29.0,50.0
230,0.021539355000015803,0.01824119000002611,0.9507114809999848,1.7271570639999823,0.00047175899999274407,0.05753516900000477,ADDER,30.0,50.0
231,0.022459695000009106,0.04577339100001154,0.9479361870000389,1.7094808599999851,0.0004668830000014168,0.04953020700003208,ADDER,31.0,50.0
232,0.022193992000040907,0.018613479999999072,0.9488491230000022,1.4896043379999924,0.0003910880000148609,0.06429232800002183,ADDER,32.0,50.0
233,0.0216510900000344,0.07921979999997575,0.9484181309999826,1.5679548109999928,0.0004092849999892678,0.05022430299999314,ADDER,33.0,50.0
234,0.021597683999971196,0.01972624600000472,0.9484065599999667,1.493873055999984,0.0003857840000023316,0.051743461000000934,ADDER,34.0,50.0
235,0.0219644229999858,0.018065894999949705,0.9468288989999678,1.9323456660000033,0.0003978599999641119,0.05237847499995496,ADDER,35.0,50.0
236,0.022209760999999162,0.019297418999997262,0.9478451890000201,1.8264455100000418,0.0003966259999970134,0.05156822999998667,ADDER,36.0,50.0
237,0.022153679000041393,0.052904057000034754,0.9443076439999913,1.6924357059999693,0.0003868470000156776,0.0516827789999752,ADDER,37.0,50.0
238,0.02191587699996944,0.018291015999977844,0.9428540509999834,1.4856388389999893,0.00039136200001621546,0.05182226099998388,ADDER,38.0,50.0
239,0.021677555999985998,0.018374367000035363,0.9435693049999827,1.5877055619999965,0.0031616800000051626,0.050794225999993614,ADDER,39.0,50.0
240,0.022175676000017575,0.018459228000040184,0.941021137000007,1.6770480350000412,0.00038808600004358595,0.04827858699997023,ADDER,40.0,50.0
241,0.019991605000029722,0.017765967999991972,0.945721294000009,1.4991461320000212,0.00039445100003376865,0.05809627799999362,ADDER,41.0,50.0
242,0.0232090779999794,0.018377418000000034,0.9488696249999862,1.6794491210000047,0.0004626940000207469,0.06517310200001702,ADDER,42.0,50.0
243,0.021276783000018895,0.06130505300001232,0.9697004619999916,1.6940972099999954,0.00039226900003086485,0.05324372900003027,ADDER,43.0,50.0
244,0.021989021000024422,0.01897915200004263,0.9509225010000364,1.645109376999983,0.0004023920000122416,0.05008322200001203,ADDER,44.0,50.0
245,0.022768239000015456,0.040461610000022574,0.941766653000002,1.5266083050000248,0.005051020999985667,0.05154984500001092,ADDER,45.0,50.0
246,0.02255143700000417,0.0556333160000122,0.9437108319999652,1.507087891000026,0.00038696299998264294,0.05000968400003103,ADDER,46.0,50.0
247,0.022504502999993292,0.05153860899997653,0.9389854180000157,1.500407000999985,0.005670426999984102,0.048349878999999873,ADDER,47.0,50.0
248,0.02126014500004203,0.01972323399996867,0.9446765380000102,1.837435475999996,0.00039329300000190415,0.04980416000000787,ADDER,48.0,50.0
249,0.022177526999996644,0.018779708000010942,0.9530795420000118,2.02147960100001,0.00048061500001495006,0.05298133299999108,ADDER,49.0,50.0
250,0.031677218000027096,0.03054161000000022,0.9702015920000235,1.792370472000016,0.00040328100004671796,0.051143441000021994,ADDER,0.0,70.0
251,0.03281484899997622,0.028147478000050796,0.9721731920000138,1.824043544999995,0.00397778400002835,0.05080659100002549,ADDER,1.0,70.0
252,0.03258609199997409,0.051650824999967426,0.9757254070000272,1.948092709999969,0.00047427600003402404,0.04953705999997737,ADDER,2.0,70.0
253,0.033154378999995515,0.05580823899998677,0.9687543119999873,1.591278874000011,0.0003979269999945245,0.05965575399994805,ADDER,3.0,70.0
254,0.03260758099997929,0.029733188000022892,0.9756195870000397,1.7777300089999812,0.0005014540000161105,0.06287788700001329,ADDER,4.0,70.0
255,0.03165888799998129,0.029049472999986392,0.9727535729999772,1.877926064999997,0.00040873899996540786,0.04998128399995494,ADDER,5.0,70.0
256,0.03285799200000383,0.029226850000043214,0.9743248059999701,1.8941076830000156,0.0004143780000163133,0.05202197700003808,ADDER,6.0,70.0
257,0.03232841400000552,0.058504231000028994,0.9753372750000153,1.879509019000011,0.0004183259999877009,0.051787809000018115,ADDER,7.0,70.0
258,0.03240623700003198,0.027149741000016547,0.9727216000000567,1.7024487070000305,0.0004733249999731015,0.05164711800000532,ADDER,8.0,70.0
259,0.03311652499996853,0.02812638099999276,0.9732985260000078,1.9655306570000448,0.006365349000020615,0.051815638999983094,ADDER,9.0,70.0
260,0.030761594999944464,0.029653341999960503,0.9712386920000426,1.9007237099999656,0.004000259999997979,0.06162656699996205,ADDER,10.0,70.0
261,0.0318456420000075,0.04972960999998577,0.9702194550000058,1.793869825999991,0.00040462899994508916,0.05502884999998514,ADDER,11.0,70.0
262,0.03251173800003926,0.060401068000032865,0.9695007029999942,1.5209453749999966,0.004476562999911948,0.05134202700003243,ADDER,12.0,70.0
263,0.03144397400001253,0.028348123999990094,0.9744160789999796,1.5112946110000394,0.0003989470000078654,0.05157961600002636,ADDER,13.0,70.0
264,0.03441056600001957,0.05566754200003743,0.9758349380000482,1.8320224390000703,0.0004144380000070669,0.05525120299989794,ADDER,14.0,70.0
265,0.030559164999999666,0.06080579900003613,0.9752714100000048,1.7328717689999849,0.0004789410000967109,0.05082445200002894,ADDER,15.0,70.0
266,0.03376058300000295,0.05735294399994473,0.9711152739999989,1.8306034299999965,0.0003989290000845358,0.059923264000076415,ADDER,16.0,70.0
267,0.03142981799999234,0.028646032999972704,0.9757961130000012,1.509482442000035,0.00039710099997591897,0.05238635399996383,ADDER,17.0,70.0
268,0.03208573899996736,0.027683112999966397,0.9784154980000039,1.6846008900000697,0.00041323000004922505,0.05290070099999866,ADDER,18.0,70.0
269,0.03390647699995952,0.054785951999974714,0.9762678519999781,1.9047472820000166,0.0004137849999779064,0.06013033600004292,ADDER,19.0,70.0
270,0.03321686699996462,0.029547100999934628,0.9810720649999212,2.023585856000068,0.000479826000059802,0.05149047600002632,ADDER,20.0,70.0
271,0.0323667640000167,0.02783249000003707,0.9753013870000586,1.6336996459999682,0.00039853399994171923,0.05278385300005084,ADDER,21.0,70.0
272,0.032496136999952796,0.02863023500003692,0.9763226439999926,1.8217025699999567,0.0004160260000389826,0.05582737800000359,ADDER,22.0,70.0
273,0.03365009000003738,0.0458522769999945,0.9796150540000781,1.8105140719999326,0.00040827700001955236,0.05224952300000041,ADDER,23.0,70.0
274,0.03316235499994491,0.0534325800000488,0.9994777110000541,1.7778929610000205,0.00041486199995688366,0.053614395000067816,ADDER,24.0,70.0
275,0.0321442740000748,0.05455101100005777,0.9805525259999968,1.8450424559999874,0.0004119769999988421,0.05131493800001863,ADDER,25.0,70.0
276,0.03316779499994027,0.0691869659999611,0.9809459219999326,2.0295719279999958,0.000481723999996575,0.05310421000001497,ADDER,26.0,70.0
277,0.03245338900001116,0.0294620350000514,0.9765383860000156,1.6370978670000795,0.00039980799999739247,0.05236748999993779,ADDER,27.0,70.0
278,0.03197814999998627,0.04476672400005555,1.0042390170000317,1.6706149740000455,0.00040037299993400666,0.051469535000023825,ADDER,28.0,70.0
279,0.03142265999997562,0.02912162300003729,0.9749326269999301,1.714774096000042,0.0003979140000183179,0.05419765199997073,ADDER,29.0,70.0
280,0.03180751999991571,0.027802266999970016,0.9764251479999757,1.643846176000011,0.0003982709999945655,0.05132158700007494,ADDER,30.0,70.0
281,0.03247289000000819,0.06034935700006372,0.9792062000000215,1.5614623679999795,0.0004120579999380425,0.0522211759999891,ADDER,31.0,70.0
282,0.03104465799992795,0.028546607999942353,0.9763795049999544,1.6747363069999892,0.0033877869999514587,0.052308752999920216,ADDER,32.0,70.0
283,0.03177341000002798,0.028227222000055008,0.9785405269999501,1.8552927610001007,0.0003926399999727437,0.051789948999953594,ADDER,33.0,70.0
284,0.0318191140000863,0.02837648199999876,0.9781629770000109,1.5080992180000976,0.0003988749999734864,0.061586373999944044,ADDER,34.0,70.0
285,0.03180443700000524,0.045713982000052056,0.9746421529999907,1.6447004090000519,0.0004035320000639331,0.050795901000014965,ADDER,35.0,70.0
286,0.03198983599997973,0.027743375000000015,0.9780106050000086,1.8164785439998923,0.000396133999970516,0.05310570899996492,ADDER,36.0,70.0
287,0.03305955600001198,0.02907877500001632,0.998491817999934,1.5622757349999574,0.00039920899996559456,0.06422141500001999,ADDER,37.0,70.0
288,0.032005261999984214,0.027976065000075323,0.9778517820000161,1.661508916999992,0.0003981679999469634,0.04992035700001907,ADDER,38.0,70.0
289,0.032564346000071964,0.028168772999947578,0.9740335389999473,1.6836060960000623,0.0034666210000295905,0.05383217300004617,ADDER,39.0,70.0
290,0.03171892199998183,0.029268430999991324,0.978428117999897,1.8246788339999966,0.00041517499994370155,0.0530707780000057,ADDER,40.0,70.0
291,0.032238915999982964,0.02989548100003958,0.9768591119999428,1.8750539269999535,0.0004103730000224459,0.05157482300000993,ADDER,41.0,70.0
292,0.03208530699998846,0.028944152000008216,0.9702462280000645,1.63056571300001,0.00039603599998372374,0.05135746099995231,ADDER,42.0,70.0
293,0.032288641999912215,0.02794514699996853,0.972913579999954,1.5240863110000191,0.0003989000000501619,0.07137213199996495,ADDER,43.0,70.0
294,0.030944337000050837,0.028473503999975946,0.9761019259999557,1.806004635000022,0.0003934559999834164,0.05175579199999447,ADDER,44.0,70.0
295,0.03210447599997224,0.028425920000017868,0.9761896300000217,1.7369302319999633,0.00039631999993616773,0.07786065599998437,ADDER,45.0,70.0
296,0.03207743500001925,0.028589326999963305,0.9755235610000454,1.7421309910000673,0.00039452400005757227,0.05274349000001166,ADDER,46.0,70.0
297,0.03471215399997618,0.028930586000001313,0.9734372039999926,1.6918181409999988,0.00040088800005833036,0.05084858400005032,ADDER,47.0,70.0
298,0.03268988500008163,0.02864872700001797,0.9752060370000208,1.9034964139999602,0.0003949590000047465,0.059857415000010405,ADDER,48.0,70.0
299,0.03183436300002995,0.05732643899989398,0.9981529820000787,1.7924336980000817,0.00039631200002077094,0.0501689750000196,ADDER,49.0,70.0
